City ID,City,Lat,Lng,Max Temp,Humidity,Cloudiness,Wind Speed,Country,Current Description,Date
0,Kinna,57.5073,12.6946,55.35,92,85,8.3,SE,overcast clouds,2021-10-10 23:19:58
1,Cape Town,-33.9258,18.4232,63.12,85,97,5.35,ZA,overcast clouds,2021-10-10 23:13:50
2,Carnarvon,-24.8667,113.6333,66.43,68,0,21.25,AU,clear sky,2021-10-10 23:12:02
3,Rikitea,-23.1203,-134.9692,74.8,80,98,18.25,PF,overcast clouds,2021-10-10 23:10:31
4,Hithadhoo,-0.6,73.0833,82.62,68,99,14.43,MV,overcast clouds,2021-10-10 23:14:06
5,Bambous Virieux,-20.3428,57.7575,71.22,92,97,8.43,MU,moderate rain,2021-10-10 23:13:53
6,Can Tho,10.0333,105.7833,78.78,89,40,2.3,VN,scattered clouds,2021-10-10 23:19:59
7,Karaton,-6.3424,106.1045,81.95,88,72,0.96,ID,broken clouds,2021-10-10 23:19:59
8,Mar Del Plata,-38.0023,-57.5575,58.08,58,0,8.99,AR,clear sky,2021-10-10 23:14:04
9,Goderich,43.7501,-81.7165,66.52,82,99,13.8,CA,overcast clouds,2021-10-10 23:16:53
10,Kapaa,22.0752,-159.319,84.18,71,1,5.99,US,light rain,2021-10-10 23:13:43
11,Dunedin,-45.8742,170.5036,58.8,70,100,3.0,NZ,overcast clouds,2021-10-10 23:11:12
12,Port Elizabeth,-33.918,25.5701,56.82,74,44,12.8,ZA,scattered clouds,2021-10-10 23:13:55
13,Tshikapa,-6.4167,20.8,76.21,68,72,3.53,CD,broken clouds,2021-10-10 23:20:00
14,Yellowknife,62.456,-114.3525,36.41,100,100,8.01,CA,light rain,2021-10-10 23:13:51
15,Ponta Do Sol,32.6667,-17.1,72.23,69,17,4.45,PT,few clouds,2021-10-10 23:11:40
16,Saint-Pierre,-21.3393,55.4781,73.04,74,0,5.75,RE,clear sky,2021-10-10 23:14:39
17,Airai,-8.9266,125.4092,69.85,52,97,1.97,TL,overcast clouds,2021-10-10 23:14:36
18,San Patricio,28.017,-97.5169,91.49,64,46,20.27,US,scattered clouds,2021-10-10 23:14:12
19,Saint-Philippe,-21.3585,55.7679,72.95,89,6,6.22,RE,clear sky,2021-10-10 23:14:05
20,Avarua,-21.2078,-159.775,77.05,73,100,10.36,CK,overcast clouds,2021-10-10 23:14:09
21,East London,-33.0153,27.9116,59.68,68,14,18.19,ZA,few clouds,2021-10-10 23:13:14
22,Port Alfred,-33.5906,26.891,59.22,72,22,22.21,ZA,few clouds,2021-10-10 23:10:34
23,Bluff,-46.6,168.3333,47.8,90,100,8.1,NZ,light rain,2021-10-10 23:13:43
24,Izmit,40.7669,29.9169,63.27,94,75,0.0,TR,light rain,2021-10-10 23:20:02
25,Bara,10.3744,10.7288,76.35,76,95,7.47,NG,overcast clouds,2021-10-10 23:20:02
26,Lompoc,34.6391,-120.4579,81.09,62,1,11.5,US,clear sky,2021-10-10 23:12:09
27,New Norfolk,-42.7826,147.0587,51.66,52,83,1.99,AU,broken clouds,2021-10-10 23:13:54
28,Praia,14.9215,-23.5087,79.34,78,20,16.11,CV,few clouds,2021-10-10 23:12:18
29,Torbay,47.6666,-52.7314,43.57,82,26,4.0,CA,scattered clouds,2021-10-10 23:14:33
30,Shiyan,32.6475,110.7781,51.57,93,100,2.04,CN,light rain,2021-10-10 23:15:56
31,Vastseliina,57.7303,27.2932,34.45,72,5,8.14,EE,clear sky,2021-10-10 23:20:04
32,Jaguarari,-10.2639,-40.1958,77.49,32,63,3.2,BR,broken clouds,2021-10-10 23:20:04
33,Kefamenanu,-9.4467,124.4781,78.71,50,100,2.64,ID,overcast clouds,2021-10-10 23:20:05
34,Hermanus,-34.4187,19.2345,62.91,64,98,8.21,ZA,overcast clouds,2021-10-10 23:11:08
35,Tuatapere,-46.1333,167.6833,47.82,96,100,4.12,NZ,light rain,2021-10-10 23:14:27
36,Mataura,-46.1927,168.8643,47.48,94,100,3.36,NZ,moderate rain,2021-10-10 23:13:46
37,Leningradskiy,69.3833,178.4167,22.95,89,100,4.92,RU,overcast clouds,2021-10-10 23:14:27
38,Whitehorse,60.7161,-135.0538,44.02,60,75,1.99,CA,broken clouds,2021-10-10 23:16:12
39,Hilo,19.7297,-155.09,82.13,78,40,16.11,US,moderate rain,2021-10-10 23:10:38
40,Gwanda,-20.9333,29.0,56.89,79,100,15.7,ZW,overcast clouds,2021-10-10 23:20:06
41,Panaba,21.2833,-88.2667,84.81,65,91,11.59,MX,overcast clouds,2021-10-10 23:20:06
42,Garissa,-0.4536,39.6401,76.23,79,21,16.55,KE,few clouds,2021-10-10 23:20:07
43,Vaini,-21.2,-175.2,78.96,83,75,6.91,TO,broken clouds,2021-10-10 23:13:59
44,Guerrero Negro,27.9769,-114.0611,76.78,54,0,14.83,MX,clear sky,2021-10-10 23:14:29
45,Umba,66.6871,34.3429,47.35,99,100,4.16,RU,overcast clouds,2021-10-10 23:20:07
46,Jacksonville,30.3322,-81.6556,76.03,77,20,1.99,US,few clouds,2021-10-10 23:20:08
47,Xunchang,28.4543,104.715,56.21,90,100,1.19,CN,overcast clouds,2021-10-10 23:20:08
48,Bandarbeyla,9.4942,50.8122,78.84,86,86,21.16,SO,overcast clouds,2021-10-10 23:14:18
49,Butaritari,3.0707,172.7902,81.68,66,35,8.66,KI,scattered clouds,2021-10-10 23:13:59
50,Klaksvik,62.2266,-6.589,41.92,71,99,12.12,FO,overcast clouds,2021-10-10 23:14:15
51,Constitucion,-35.3333,-72.4167,55.53,78,0,13.18,CL,clear sky,2021-10-10 23:18:46
52,Cherskiy,68.75,161.3,7.68,93,77,5.26,RU,broken clouds,2021-10-10 23:14:12
53,Barrow,71.2906,-156.7887,26.62,80,75,9.22,US,mist,2021-10-10 23:10:47
54,Horana,6.7166,80.0619,75.7,93,94,3.67,LK,overcast clouds,2021-10-10 23:20:09
55,Saskylakh,71.9167,114.0833,21.85,96,100,8.1,RU,overcast clouds,2021-10-10 23:10:46
56,Jamestown,42.097,-79.2353,67.59,82,1,5.01,US,clear sky,2021-10-10 23:14:03
57,Marsh Harbour,26.5412,-77.0636,82.78,63,19,5.88,BS,few clouds,2021-10-10 23:20:09
58,Codrington,-38.2667,141.9667,51.67,61,83,9.51,AU,broken clouds,2021-10-10 23:13:54
59,Deputatskiy,69.3,139.9,20.37,83,100,3.47,RU,overcast clouds,2021-10-10 23:14:58
60,Luderitz,-26.6481,15.1594,71.2,36,6,4.83,NA,clear sky,2021-10-10 23:13:51
61,Upernavik,72.7868,-56.1549,33.13,98,100,10.76,GL,snow,2021-10-10 23:11:20
62,Tuktoyaktuk,69.4541,-133.0374,30.25,74,99,6.67,CA,overcast clouds,2021-10-10 23:11:17
63,Port Hardy,50.6996,-127.4199,48.38,76,75,6.91,CA,light intensity shower rain,2021-10-10 23:19:02
64,Punta Arenas,-53.15,-70.9167,48.31,46,20,33.38,CL,few clouds,2021-10-10 23:10:32
65,Iqaluit,63.7506,-68.5145,34.7,82,48,1.99,CA,scattered clouds,2021-10-10 23:14:09
66,Victoria,22.2855,114.1577,82.33,82,92,1.99,HK,overcast clouds,2021-10-10 23:12:19
67,Hofn,64.2539,-15.2082,41.22,63,40,11.21,IS,scattered clouds,2021-10-10 23:16:35
68,Mandalgovi,45.7625,106.2708,34.56,38,2,8.41,MN,clear sky,2021-10-10 23:16:46
69,Sobolevo,54.4299,31.8996,37.44,76,95,4.07,RU,overcast clouds,2021-10-10 23:14:14
70,Narsaq,60.9167,-46.05,32.22,45,20,3.8,GL,few clouds,2021-10-10 23:14:55
71,Nizhniy Odes,63.6445,54.856,32.47,98,100,8.59,RU,snow,2021-10-10 23:16:00
72,Guilin,25.2819,110.2864,64.51,84,96,12.17,CN,overcast clouds,2021-10-10 23:20:11
73,Honiara,-9.4333,159.95,84.6,74,90,4.9,SB,overcast clouds,2021-10-10 23:16:40
74,Bosaso,11.2842,49.1816,84.22,68,62,4.05,SO,broken clouds,2021-10-10 23:20:11
75,Ushuaia,-54.8,-68.3,46.06,61,75,25.32,AR,light intensity drizzle,2021-10-10 23:08:55
76,Fairbanks,64.8378,-147.7164,37.6,94,90,3.44,US,light rain,2021-10-10 23:20:12
77,Maragogi,-9.0122,-35.2225,76.46,81,70,8.3,BR,broken clouds,2021-10-10 23:20:12
78,Mirzapur,25.15,82.5833,73.56,66,0,2.42,IN,clear sky,2021-10-10 23:20:12
79,Samarai,-10.6167,150.6667,78.84,81,99,7.36,PG,overcast clouds,2021-10-10 23:12:43
80,Isangel,-19.55,169.2667,80.71,65,20,13.8,VU,few clouds,2021-10-10 23:16:39
81,Batagay-Alyta,67.8006,130.4114,23.41,85,100,2.33,RU,overcast clouds,2021-10-10 23:20:12
82,Cabedelo,-6.9811,-34.8339,77.67,77,24,12.06,BR,few clouds,2021-10-10 23:14:43
83,Kattivakkam,13.2167,80.3167,80.69,81,97,4.45,IN,overcast clouds,2021-10-10 23:16:33
84,Salalah,17.0151,54.0924,80.69,78,75,4.61,OM,broken clouds,2021-10-10 23:16:32
85,Peniche,39.3558,-9.3811,71.1,72,17,2.77,PT,few clouds,2021-10-10 23:20:13
86,Oranjestad,12.524,-70.027,84.15,74,20,13.8,AW,few clouds,2021-10-10 23:13:45
87,Nikolskoye,59.7035,30.7861,50.4,70,12,8.41,RU,light rain,2021-10-10 23:12:25
88,Aklavik,68.2191,-135.0107,31.03,77,100,7.4,CA,overcast clouds,2021-10-10 23:17:16
89,Havre-Saint-Pierre,50.2334,-63.5986,50.0,93,1,10.36,CA,clear sky,2021-10-10 23:20:14
90,Sofiyivka,48.0493,33.8746,42.96,55,5,8.3,UA,clear sky,2021-10-10 23:15:29
91,Chuy,-33.6971,-53.4616,60.49,78,97,13.76,UY,overcast clouds,2021-10-10 23:11:39
92,Sao Goncalo Do Amarante,-3.6072,-38.9683,81.12,72,8,10.49,BR,clear sky,2021-10-10 23:20:14
93,Albany,42.6001,-73.9662,63.25,84,87,1.01,US,overcast clouds,2021-10-10 23:10:55
94,Mitsamiouli,-11.3847,43.2844,75.6,82,30,5.61,KM,scattered clouds,2021-10-10 23:17:10
95,Qaanaaq,77.484,-69.3632,29.73,87,100,8.1,GL,overcast clouds,2021-10-10 23:11:26
96,Whitecourt,54.1502,-115.6855,47.44,39,40,19.57,CA,scattered clouds,2021-10-10 23:20:15
97,Hobart,-42.8794,147.3294,52.02,54,40,7.0,AU,scattered clouds,2021-10-10 23:13:42
98,Shaunavon,49.6501,-108.4181,60.58,23,39,19.98,CA,scattered clouds,2021-10-10 23:20:15
99,Abu Kamal,34.4506,40.9171,75.16,20,0,1.05,SY,clear sky,2021-10-10 23:20:15
100,Caravelas,-17.7125,-39.2481,72.72,91,99,6.62,BR,overcast clouds,2021-10-10 23:12:47
101,Saldanha,-33.0117,17.9442,61.65,51,86,9.06,ZA,overcast clouds,2021-10-10 23:12:11
102,Tigil,57.8,158.6667,38.08,69,61,11.72,RU,broken clouds,2021-10-10 23:20:16
103,Faya,18.3851,42.4509,61.32,30,32,9.6,SA,scattered clouds,2021-10-10 23:14:30
104,Saint-Joseph,-21.3667,55.6167,71.96,84,2,6.49,RE,clear sky,2021-10-10 23:16:13
105,Bethel,41.3712,-73.414,63.19,89,90,1.99,US,overcast clouds,2021-10-10 23:14:13
106,Bredasdorp,-34.5322,20.0403,59.29,80,82,2.91,ZA,broken clouds,2021-10-10 23:10:30
107,Severo-Kurilsk,50.6789,156.125,49.19,94,100,20.92,RU,moderate rain,2021-10-10 23:14:48
108,Geraldton,-28.7667,114.6,50.41,93,61,8.05,AU,broken clouds,2021-10-10 23:11:03
109,Vostok,46.4856,135.8833,37.44,85,100,14.18,RU,overcast clouds,2021-10-10 23:14:02
110,Taltal,-25.4,-70.4833,64.44,55,8,4.54,CL,clear sky,2021-10-10 23:10:58
111,Khani,41.9563,42.9566,49.57,74,2,4.81,GE,clear sky,2021-10-10 23:16:54
112,Thompson,55.7435,-97.8558,54.3,50,100,4.74,CA,overcast clouds,2021-10-10 23:14:21
113,Atuona,-9.8,-139.0333,78.44,75,31,18.68,PF,scattered clouds,2021-10-10 23:13:53
114,Dudinka,69.4058,86.1778,22.39,91,100,7.07,RU,overcast clouds,2021-10-10 23:20:17
115,Juigalpa,12.1063,-85.3645,76.91,88,40,0.0,NI,light rain,2021-10-10 23:20:17
116,Dingle,10.9995,122.6711,77.4,93,95,11.05,PH,heavy intensity rain,2021-10-10 23:14:56
117,Bubaque,11.2833,-15.8333,82.54,78,97,8.37,GW,overcast clouds,2021-10-10 23:15:42
118,Banska Bystrica,48.5,19.5,45.75,70,100,5.26,SK,overcast clouds,2021-10-10 23:20:18
119,Shimoda,34.6667,138.95,78.1,75,11,9.01,JP,few clouds,2021-10-10 23:20:18
120,Norman Wells,65.282,-126.8329,31.77,82,96,8.28,CA,overcast clouds,2021-10-10 23:14:25
121,Charlestown,-32.95,151.6667,57.85,96,100,5.01,AU,light rain,2021-10-10 23:20:19
122,Obigarm,38.7173,69.7088,37.36,64,4,6.11,TJ,clear sky,2021-10-10 23:20:19
123,Lazaro Cardenas,17.9583,-102.2,83.03,78,79,8.46,MX,broken clouds,2021-10-10 23:20:19
124,Aleksandrov Gay,50.147,48.5704,45.99,48,1,4.43,RU,clear sky,2021-10-10 23:20:19
125,Nome,64.5011,-165.4064,39.16,65,1,0.0,US,clear sky,2021-10-10 23:11:51
126,Khatanga,71.9667,102.5,16.29,96,100,5.32,RU,light snow,2021-10-10 23:13:47
127,Harper,4.375,-7.7169,77.86,88,98,9.69,LR,light rain,2021-10-10 23:20:20
128,Chokurdakh,70.6333,147.9167,19.02,88,100,5.39,RU,overcast clouds,2021-10-10 23:11:26
129,Busselton,-33.65,115.3333,59.04,80,97,16.46,AU,overcast clouds,2021-10-10 23:14:01
130,Bloomingdale,27.8936,-82.2404,83.05,70,1,1.01,US,clear sky,2021-10-10 23:20:20
131,Georgetown,5.4112,100.3354,78.89,86,20,3.44,MY,few clouds,2021-10-10 23:10:32
132,Inuvik,68.3499,-133.7218,29.48,89,100,10.51,CA,light snow,2021-10-10 23:12:30
133,Heishan,41.6892,122.1128,45.55,56,0,5.68,CN,clear sky,2021-10-10 23:20:21
134,Bafq,31.6128,55.4107,57.76,27,0,5.17,IR,clear sky,2021-10-10 23:20:21
135,Adela,12.4416,120.9729,80.83,85,52,18.19,PH,broken clouds,2021-10-10 23:20:21
136,Koslan,63.4564,48.8989,46.47,97,100,10.0,RU,overcast clouds,2021-10-10 23:15:00
137,Vila Franca Do Campo,37.7167,-25.4333,72.01,88,100,10.96,PT,overcast clouds,2021-10-10 23:20:22
138,Sola,-13.8833,167.55,79.9,77,51,17.27,VU,broken clouds,2021-10-10 23:20:22
139,Baiyin,36.5583,104.2081,36.48,68,20,2.64,CN,few clouds,2021-10-10 23:20:22
140,Altay,47.8667,88.1167,37.4,46,95,5.61,CN,overcast clouds,2021-10-10 23:14:15
141,Kaeo,-35.1,173.7833,61.95,58,40,9.33,NZ,scattered clouds,2021-10-10 23:13:50
142,West Odessa,31.8424,-102.4988,81.68,21,1,25.32,US,clear sky,2021-10-10 23:20:23
143,Kununurra,-15.7667,128.7333,82.38,69,97,6.91,AU,overcast clouds,2021-10-10 23:11:08
144,Mount Gambier,-37.8333,140.7667,52.41,50,92,7.49,AU,overcast clouds,2021-10-10 23:13:58
145,Kiama,-34.6833,150.8667,58.24,73,100,8.99,AU,overcast clouds,2021-10-10 23:20:23
146,Shingu,33.7333,135.9833,76.19,83,3,2.06,JP,clear sky,2021-10-10 23:20:23
147,Kavieng,-2.5744,150.7967,83.46,71,58,7.09,PG,broken clouds,2021-10-10 23:14:10
148,Portree,57.4129,-6.1942,51.85,88,100,9.78,GB,overcast clouds,2021-10-10 23:17:20
149,The Valley,18.217,-63.0578,82.09,89,75,11.5,AI,broken clouds,2021-10-10 23:20:24
150,Mithi,24.7318,69.7981,80.13,74,0,9.93,PK,clear sky,2021-10-10 23:20:24
151,Luganville,-15.5333,167.1667,80.35,81,98,12.84,VU,overcast clouds,2021-10-10 23:20:24
152,Gidole,5.65,37.3667,59.97,68,85,2.39,ET,overcast clouds,2021-10-10 23:16:17
153,Arandis,-22.4167,14.9667,52.47,13,1,7.4,NA,clear sky,2021-10-10 23:20:25
154,Castro,-24.7911,-50.0119,56.73,96,99,10.16,BR,overcast clouds,2021-10-10 23:12:26
155,Te Anau,-45.4167,167.7167,37.53,99,100,3.15,NZ,heavy intensity rain,2021-10-10 23:16:39
156,Namibe,-15.1961,12.1522,68.27,88,72,2.8,AO,broken clouds,2021-10-10 23:14:30
157,Kushiro,42.975,144.3747,65.35,82,75,6.91,JP,moderate rain,2021-10-10 23:17:37
158,Tasiilaq,65.6145,-37.6368,33.96,54,3,2.95,GL,clear sky,2021-10-10 23:13:47
159,Buala,-8.145,159.5921,84.6,72,82,5.95,SB,broken clouds,2021-10-10 23:16:16
160,San Esteban,15.2,-85.75,90.5,77,99,4.21,HN,overcast clouds,2021-10-10 23:20:26
161,Kedrovyy,56.1667,91.8167,36.01,99,100,2.37,RU,light rain,2021-10-10 23:20:26
162,Hervey Bay,-25.2986,152.8535,78.04,65,11,12.12,AU,few clouds,2021-10-10 23:14:45
163,Bengkulu,-3.8004,102.2655,75.2,90,91,4.47,ID,overcast clouds,2021-10-10 23:14:16
164,La Grande,45.3246,-118.0877,54.01,44,79,11.25,US,broken clouds,2021-10-10 23:17:43
165,Newport,51.5877,-2.9984,52.86,86,36,7.45,GB,scattered clouds,2021-10-10 23:17:09
166,Sur,22.5667,59.5289,81.77,56,0,7.65,OM,clear sky,2021-10-10 23:14:43
167,Parnamirim,-5.9156,-35.2628,80.94,78,20,6.91,BR,few clouds,2021-10-10 23:20:27
168,Cayenne,4.9333,-52.3333,83.08,80,0,3.0,GF,clear sky,2021-10-10 23:15:12
169,Faanui,-16.4833,-151.75,79.66,74,48,12.19,PF,light rain,2021-10-10 23:14:23
170,Cartagena,10.3997,-75.5144,82.02,78,40,3.44,CO,scattered clouds,2021-10-10 23:17:21
171,Alanya,36.5438,31.9998,66.33,41,32,4.43,TR,scattered clouds,2021-10-10 23:20:27
172,Dikson,73.5069,80.5464,29.68,66,100,21.41,RU,light snow,2021-10-10 23:14:52
173,Lata,40.1629,-8.3327,66.06,55,14,4.83,PT,few clouds,2021-10-10 23:14:03
174,Fernley,39.608,-119.2518,72.81,17,1,3.44,US,clear sky,2021-10-10 23:20:28
175,Makat,47.6469,53.3463,48.27,43,1,6.22,KZ,clear sky,2021-10-10 23:20:28
176,Maridi,4.9158,29.4742,66.7,98,100,4.07,SS,moderate rain,2021-10-10 23:20:28
177,Howard Springs,-12.497,131.047,88.83,81,59,5.06,AU,broken clouds,2021-10-10 23:20:29
178,Ahuimanu,21.4447,-157.8378,83.91,60,40,19.57,US,scattered clouds,2021-10-10 23:20:29
179,Tessalit,20.1986,1.0114,84.97,11,94,7.67,ML,overcast clouds,2021-10-10 23:16:14
180,Los Llanos De Aridane,28.6585,-17.9182,67.75,84,0,9.22,ES,clear sky,2021-10-10 23:13:52
181,Collie,-33.3667,116.15,55.98,82,88,8.08,AU,overcast clouds,2021-10-10 23:20:29
182,Ketchikan,55.3422,-131.6461,48.67,81,90,8.05,US,light rain,2021-10-10 23:20:30
183,Ambilobe,-13.2,49.05,71.82,65,52,3.11,MG,broken clouds,2021-10-10 23:20:30
184,Nabire,-3.3667,135.4833,80.96,82,95,2.68,ID,light rain,2021-10-10 23:16:40
185,Kavaratti,10.5669,72.642,82.18,81,99,15.08,IN,overcast clouds,2021-10-10 23:14:47
186,Townsville,-19.25,146.8,81.48,57,13,9.22,AU,few clouds,2021-10-10 23:19:17
187,Husyatyn,49.0726,26.2141,42.78,47,1,7.05,UA,clear sky,2021-10-10 23:20:31
188,Ossora,59.2353,163.0719,35.96,62,10,0.36,RU,clear sky,2021-10-10 23:20:31
189,Cockburn Town,21.4612,-71.1419,82.36,74,40,13.8,TC,scattered clouds,2021-10-10 23:20:31
190,Bilaspur,22.0833,82.15,68.94,70,13,4.18,IN,few clouds,2021-10-10 23:18:38
191,Medveda,56.5081,92.4078,37.33,99,100,2.84,RU,overcast clouds,2021-10-10 23:20:32
192,Brumadinho,-20.1433,-44.1997,69.08,91,100,3.04,BR,light rain,2021-10-10 23:20:32
193,Daru,-9.0763,143.2092,79.63,79,100,8.43,PG,overcast clouds,2021-10-10 23:20:32
194,Clyde River,70.4692,-68.5914,32.65,77,100,2.86,CA,overcast clouds,2021-10-10 23:14:44
195,Sambava,-14.2667,50.1667,67.05,83,28,8.39,MG,scattered clouds,2021-10-10 23:20:33
196,Nemuro,43.3236,145.575,62.31,90,100,24.05,JP,light rain,2021-10-10 23:16:10
197,Kaka,37.3482,59.6143,47.39,30,6,4.81,TM,clear sky,2021-10-10 23:20:33
198,Arraial Do Cabo,-22.9661,-42.0278,67.23,88,100,22.57,BR,overcast clouds,2021-10-10 23:15:15
199,Palmer,42.1584,-72.3287,62.2,75,90,4.0,US,overcast clouds,2021-10-10 23:13:59
200,Kingaroy,-26.5333,151.8333,72.05,68,40,11.5,AU,scattered clouds,2021-10-10 23:20:34
201,Banyo,6.75,11.8167,63.95,91,100,3.06,CM,overcast clouds,2021-10-10 23:20:34
202,Krasnovishersk,60.4078,57.082,32.09,81,100,7.29,RU,overcast clouds,2021-10-10 23:16:23
203,Puerto Ayora,-0.7393,-90.3518,70.56,87,60,5.01,EC,broken clouds,2021-10-10 23:14:17
204,Flinders,-34.5833,150.8552,58.05,77,100,7.0,AU,overcast clouds,2021-10-10 23:16:46
205,Farmington,36.7281,-108.2187,68.86,28,1,26.46,US,clear sky,2021-10-10 23:20:34
206,Saint George,37.1041,-113.5841,75.67,28,1,1.99,US,clear sky,2021-10-10 23:11:29
207,Cidreira,-30.1811,-50.2056,65.08,79,100,19.82,BR,overcast clouds,2021-10-10 23:10:48
208,Bijar,35.8668,47.6051,47.68,48,0,4.83,IR,clear sky,2021-10-10 23:20:35
209,Kolchugino,56.3,39.3833,41.13,80,66,5.37,RU,broken clouds,2021-10-10 23:20:35
210,San Vicente De Canete,-13.0751,-76.3835,63.57,88,79,6.82,PE,broken clouds,2021-10-10 23:20:35
211,Kapit,2.0167,112.9333,76.62,91,94,0.22,MY,overcast clouds,2021-10-10 23:20:36
212,Tongzi,28.7829,105.0877,56.03,89,100,1.77,CN,light rain,2021-10-10 23:20:36
213,Egvekinot,66.3167,-179.1667,20.53,84,95,6.6,RU,overcast clouds,2021-10-10 23:14:19
214,Puerto Escondido,15.85,-97.0667,86.83,58,40,8.05,MX,scattered clouds,2021-10-10 23:13:46
215,Souillac,-20.5167,57.5167,71.37,91,91,8.39,MU,light rain,2021-10-10 23:13:46
216,Avera,33.194,-82.5271,78.67,69,26,6.02,US,scattered clouds,2021-10-10 23:13:08
217,Shimoni,-4.6476,39.3817,76.24,84,49,9.24,KE,scattered clouds,2021-10-10 23:20:37
218,Linxi,39.7,118.4333,48.43,52,52,5.84,CN,broken clouds,2021-10-10 23:20:37
219,Belaya Gora,68.5333,146.4167,21.31,69,100,3.36,RU,overcast clouds,2021-10-10 23:20:37
220,Oistins,13.0667,-59.5333,82.49,78,75,18.41,BB,broken clouds,2021-10-10 23:16:51
221,Longyearbyen,78.2186,15.6401,28.24,74,75,9.22,SJ,broken clouds,2021-10-10 23:10:48
222,Amga,60.8953,131.9608,33.82,98,100,6.42,RU,moderate rain,2021-10-10 23:20:38
223,Labuhan,-6.8844,112.2051,78.3,75,71,9.44,ID,broken clouds,2021-10-10 23:15:36
224,Gamba,-2.65,10.0,75.76,84,100,2.1,GA,overcast clouds,2021-10-10 23:20:38
225,Lavrentiya,65.5833,-171.0,30.52,78,45,2.66,RU,scattered clouds,2021-10-10 23:14:06
226,Mahebourg,-20.4081,57.7,71.26,91,96,8.93,MU,light rain,2021-10-10 23:13:56
227,Hettstedt,51.65,11.5,42.98,58,23,6.44,DE,few clouds,2021-10-10 23:20:38
228,Sovetskiy,61.3614,63.5842,28.38,57,29,5.26,RU,scattered clouds,2021-10-10 23:20:39
229,Henderson,36.0397,-114.9819,80.04,21,1,4.61,US,clear sky,2021-10-10 23:20:39
230,Cabo San Lucas,22.8909,-109.9124,94.17,68,20,4.0,MX,few clouds,2021-10-10 23:12:11
231,Platteville,42.7342,-90.4785,72.28,100,40,4.61,US,scattered clouds,2021-10-10 23:15:51
232,Miri,4.4148,114.0089,80.74,94,20,2.3,MY,few clouds,2021-10-10 23:20:40
233,Krasnoselkup,65.7,82.4667,25.23,82,54,11.92,RU,broken clouds,2021-10-10 23:14:41
234,Muros,42.7762,-9.0603,66.24,70,0,11.07,ES,clear sky,2021-10-10 23:17:12
235,Mogadishu,2.0371,45.3438,78.17,87,16,13.44,SO,few clouds,2021-10-10 23:20:40
236,Hernani,43.2662,-1.9762,57.42,86,0,1.01,ES,clear sky,2021-10-10 23:20:40
237,College,64.8569,-147.8028,37.58,94,90,6.91,US,light rain,2021-10-10 23:14:39
238,Kostino,58.9097,53.2691,43.12,98,100,6.42,RU,overcast clouds,2021-10-10 23:20:41
239,Kharp,66.8014,65.8081,26.28,89,25,5.48,RU,scattered clouds,2021-10-10 23:16:26
240,General Pico,-35.6566,-63.7568,61.02,76,97,6.91,AR,overcast clouds,2021-10-10 23:20:41
241,Surt,31.2089,16.5887,76.01,68,71,11.65,LY,broken clouds,2021-10-10 23:20:42
242,Puebloviejo,10.9938,-74.2844,82.6,80,100,7.02,CO,overcast clouds,2021-10-10 23:20:42
243,Broome,42.2506,-75.833,65.19,80,90,3.0,US,overcast clouds,2021-10-10 23:14:10
244,Majene,-3.5403,118.9707,79.88,84,98,5.28,ID,overcast clouds,2021-10-10 23:20:42
245,Provideniya,64.3833,-173.3,33.91,75,90,8.95,RU,overcast clouds,2021-10-10 23:13:45
246,Alofi,-19.0595,-169.9187,80.49,78,100,6.91,NU,overcast clouds,2021-10-10 23:16:14
247,Sao Filipe,14.8961,-24.4956,80.89,71,0,3.58,CV,clear sky,2021-10-10 23:14:32
248,Riyadh,24.6877,46.7219,77.14,18,0,2.98,SA,clear sky,2021-10-10 23:19:26
249,Ostrovnoy,68.0531,39.5131,42.82,94,100,2.77,RU,overcast clouds,2021-10-10 23:15:11
250,Kuandian,40.7286,124.7847,44.24,72,0,4.9,CN,clear sky,2021-10-10 23:20:43
251,Puertollano,38.6871,-4.1073,61.2,56,96,3.8,ES,overcast clouds,2021-10-10 23:20:44
252,Vardo,70.3705,31.1107,44.35,90,100,7.34,NO,overcast clouds,2021-10-10 23:14:17
253,Raudeberg,61.9875,5.1352,48.87,95,100,4.0,NO,overcast clouds,2021-10-10 23:16:49
254,Kishtwar,33.3167,75.7667,52.66,58,0,4.5,IN,clear sky,2021-10-10 23:20:44
255,Ribeira Grande,38.5167,-28.7,69.51,91,100,26.53,PT,overcast clouds,2021-10-10 23:14:39
256,Arrecife,28.963,-13.5477,73.47,68,75,9.22,ES,broken clouds,2021-10-10 23:20:44
257,Gandiaye,14.2333,-16.2667,84.07,76,19,7.45,SN,few clouds,2021-10-10 23:20:45
258,Saquarema,-22.92,-42.5103,68.02,94,100,15.55,BR,overcast clouds,2021-10-10 23:19:18
259,Lexington,37.9887,-84.4777,78.12,63,1,8.05,US,clear sky,2021-10-10 23:20:43
260,Port Macquarie,-31.4333,152.9167,64.89,94,90,10.36,AU,light rain,2021-10-10 23:11:32
261,Mocuba,-16.8392,36.9856,71.96,87,21,6.4,MZ,few clouds,2021-10-10 23:20:46
262,Coihaique,-45.5752,-72.0662,51.75,62,75,3.44,CL,light rain,2021-10-10 23:15:02
263,Mankapur,27.0333,82.2333,72.36,70,2,2.26,IN,clear sky,2021-10-10 23:20:46
264,Diffa,13.3154,12.6113,87.55,15,87,7.14,NE,overcast clouds,2021-10-10 23:20:46
265,Lebu,-37.6167,-73.65,51.64,86,9,12.8,CL,clear sky,2021-10-10 23:10:51
266,Maarianhamina,60.0973,19.9348,51.66,71,0,12.66,AX,clear sky,2021-10-10 23:15:22
267,Kalabo,-14.97,22.6814,78.76,20,68,5.84,ZM,broken clouds,2021-10-10 23:20:47
268,Kodiak,57.79,-152.4072,44.8,59,100,8.16,US,overcast clouds,2021-10-10 23:09:20
269,Thunder Bay,48.4001,-89.3168,63.99,99,90,10.36,CA,mist,2021-10-10 23:20:47
270,Phuket,8.0,98.25,84.09,83,75,9.22,TH,broken clouds,2021-10-10 23:17:05
271,Roebourne,-20.7833,117.1333,76.06,32,10,17.94,AU,clear sky,2021-10-10 23:16:31
272,Kaitangata,-46.2817,169.8464,54.09,73,100,4.61,NZ,light rain,2021-10-10 23:14:16
273,Sterling,39.0062,-77.4286,69.98,90,90,9.22,US,overcast clouds,2021-10-10 23:16:55
274,Sitka,57.0531,-135.33,49.89,76,40,5.75,US,light rain,2021-10-10 23:15:32
275,Havelock,34.8791,-76.9013,73.92,87,58,5.01,US,broken clouds,2021-10-10 23:20:42
276,Asyut,27.181,31.1837,82.94,23,43,6.11,EG,scattered clouds,2021-10-10 23:20:48
277,Marawi,7.9986,124.2928,72.64,86,91,8.16,PH,overcast clouds,2021-10-10 23:14:31
278,Puri,19.8,85.85,79.32,80,51,8.25,IN,broken clouds,2021-10-10 23:16:21
279,Katsuura,35.1333,140.3,80.11,71,58,14.36,JP,broken clouds,2021-10-10 23:16:05
280,Pevek,69.7008,170.3133,23.43,91,100,6.2,RU,overcast clouds,2021-10-10 23:14:08
281,Parabel,58.6978,81.4825,25.84,72,2,5.55,RU,clear sky,2021-10-10 23:20:48
282,Pangnirtung,66.1451,-65.7125,26.6,100,75,5.75,CA,fog,2021-10-10 23:14:24
283,Catuday,16.2923,119.8062,81.75,79,100,22.64,PH,overcast clouds,2021-10-10 23:13:54
284,Ptuj,46.4201,15.8702,46.33,87,90,13.8,SI,light rain,2021-10-10 23:20:49
285,Los Altos Hills,37.3797,-122.1375,82.54,37,1,4.0,US,clear sky,2021-10-10 23:20:49
286,Redcar,54.6166,-1.06,51.08,77,70,5.01,GB,broken clouds,2021-10-10 23:20:50
287,Pochutla,15.7432,-96.4661,85.82,71,57,7.34,MX,broken clouds,2021-10-10 23:20:50
288,Muyezerskiy,63.9333,31.65,49.12,93,100,12.75,RU,overcast clouds,2021-10-10 23:20:50
289,Alyangula,-13.8483,136.4192,82.65,68,96,9.06,AU,overcast clouds,2021-10-10 23:20:51
290,Soledade,-28.8183,-52.5103,58.19,89,96,7.2,BR,overcast clouds,2021-10-10 23:20:51
291,Saryozek,44.3583,77.9753,36.61,98,100,4.9,KZ,overcast clouds,2021-10-10 23:20:51
292,Solnechnyy,50.7214,136.6319,40.33,85,100,10.47,RU,overcast clouds,2021-10-10 23:20:52
293,Barber,12.2833,-69.0667,82.38,83,20,11.5,CW,few clouds,2021-10-10 23:20:52
294,Storforshei,66.4043,14.5233,44.65,97,100,2.57,NO,overcast clouds,2021-10-10 23:20:52
295,Masterton,-40.9597,175.6575,58.96,56,71,9.17,NZ,broken clouds,2021-10-10 23:20:53
296,Fortuna,40.5982,-124.1573,65.19,66,71,5.01,US,broken clouds,2021-10-10 23:14:53
297,Yashalta,46.3395,42.2762,48.4,60,10,12.44,RU,clear sky,2021-10-10 23:20:53
298,Uglegorsk,49.0833,142.0333,48.16,73,87,27.45,RU,light rain,2021-10-10 23:20:53
299,Chilliwack,49.1747,-121.9443,59.18,83,54,5.75,CA,broken clouds,2021-10-10 23:20:54
300,Acqui Terme,44.6751,8.4675,57.83,76,0,3.0,IT,clear sky,2021-10-10 23:20:54
301,Disna,55.568,28.1971,36.39,85,12,6.6,BY,few clouds,2021-10-10 23:14:20
302,Makakilo City,21.3469,-158.0858,82.72,57,90,10.36,US,overcast clouds,2021-10-10 23:12:14
303,Ust-Tsilma,65.441,52.1498,34.09,98,100,4.14,RU,light rain,2021-10-10 23:16:57
304,Aloleng,16.1307,119.7824,82.94,80,100,20.27,PH,overcast clouds,2021-10-10 23:20:55
305,Nanortalik,60.1432,-45.2371,36.5,64,4,2.3,GL,clear sky,2021-10-10 23:13:56
306,Aurangabad,19.8833,75.3333,73.09,72,21,1.74,IN,few clouds,2021-10-10 23:19:30
307,Beringovskiy,63.05,179.3167,28.81,88,99,12.21,RU,overcast clouds,2021-10-10 23:20:55
308,Sringeri,13.4167,75.25,68.9,98,65,1.52,IN,broken clouds,2021-10-10 23:20:55
309,Baykit,61.67,96.37,20.95,84,53,5.97,RU,broken clouds,2021-10-10 23:13:50
310,Ust-Karsk,52.7011,118.8077,33.15,85,4,3.96,RU,clear sky,2021-10-10 23:20:56
311,Atar,20.5169,-13.0499,85.91,19,1,4.68,MR,clear sky,2021-10-10 23:14:09
312,Inverell,-29.7833,151.1167,65.66,92,100,3.98,AU,light rain,2021-10-10 23:20:56
313,Camargo,27.6667,-105.1667,90.93,15,0,16.26,MX,clear sky,2021-10-10 23:20:56
314,Wattegama,6.7989,81.4808,76.48,78,100,6.96,LK,overcast clouds,2021-10-10 23:20:57
315,Bani,18.2833,-70.3333,83.86,71,10,7.74,DO,clear sky,2021-10-10 23:20:57
316,Half Moon Bay,37.4636,-122.4286,83.25,60,1,1.99,US,clear sky,2021-10-10 23:16:15
317,Korla,41.7597,86.1469,46.22,43,54,1.59,CN,broken clouds,2021-10-10 23:16:01
318,Wangqing,43.3218,129.7634,45.59,66,0,2.01,CN,clear sky,2021-10-10 23:20:58
319,Mandera,3.9366,41.867,81.54,59,100,17.05,KE,overcast clouds,2021-10-10 23:20:58
320,Harnosand,62.6323,17.9379,50.02,81,100,8.86,SE,overcast clouds,2021-10-10 23:20:58
321,Prigorodnoye,43.253,45.7581,46.35,100,40,2.24,RU,scattered clouds,2021-10-10 23:20:59
322,Tselinnoye,53.0833,85.6667,44.37,77,100,10.51,RU,overcast clouds,2021-10-10 23:20:59
323,Mehamn,71.0357,27.8492,44.73,87,100,6.33,NO,overcast clouds,2021-10-10 23:20:59
324,Zhigansk,66.7697,123.3711,33.73,99,100,12.91,RU,light rain,2021-10-10 23:21:00
325,Vichy,46.25,3.5833,44.69,93,2,0.94,FR,clear sky,2021-10-10 23:21:00
326,Susehri,40.1644,38.0867,56.5,60,0,1.01,TR,clear sky,2021-10-10 23:21:00
327,Rocha,-34.4833,-54.3333,58.77,79,100,11.79,UY,overcast clouds,2021-10-10 23:15:44
328,Luanda,-8.8368,13.2343,75.2,78,75,3.44,AO,broken clouds,2021-10-10 23:19:28
329,Yar-Sale,66.8333,70.8333,26.98,82,48,7.78,RU,scattered clouds,2021-10-10 23:21:01
330,Lianzhou,24.7811,112.3825,61.66,87,100,8.41,CN,overcast clouds,2021-10-10 23:21:01
331,Russell,32.3502,-85.1999,80.2,85,1,0.0,US,clear sky,2021-10-10 23:21:02
332,Yeniseysk,58.4497,92.1703,26.38,93,52,5.19,RU,broken clouds,2021-10-10 23:21:02
333,Dongsheng,39.8161,109.9776,36.36,43,0,6.82,CN,clear sky,2021-10-10 23:21:03
334,Numata,36.6333,139.05,75.49,68,27,0.49,JP,scattered clouds,2021-10-10 23:21:03
335,Kiomboi,-4.2667,34.3667,68.04,52,73,7.45,TZ,broken clouds,2021-10-10 23:21:03
336,Lethem,3.3803,-59.7968,83.61,65,89,3.47,GY,overcast clouds,2021-10-10 23:21:04
337,Songea,-10.6833,35.65,66.29,49,100,5.68,TZ,overcast clouds,2021-10-10 23:21:04
338,Bellavista,-7.0561,-76.5911,76.28,75,49,2.75,PE,scattered clouds,2021-10-10 23:21:04
339,Sakakah,29.9697,40.2064,78.37,18,2,7.2,SA,clear sky,2021-10-10 23:21:05
340,San Luis,-33.295,-66.3356,58.91,67,50,6.6,AR,scattered clouds,2021-10-10 23:21:05
341,Ushtobe,45.2514,77.9838,44.37,70,100,18.07,KZ,overcast clouds,2021-10-10 23:16:32
342,Boke,10.9409,-14.2967,76.32,94,99,1.7,GN,overcast clouds,2021-10-10 23:21:05
343,Grass Valley,39.2191,-121.0611,73.56,33,1,1.99,US,clear sky,2021-10-10 23:21:06
344,Esperance,-33.8667,121.9,61.02,41,100,21.32,AU,overcast clouds,2021-10-10 23:12:55
345,Sarangani,5.4033,125.4636,83.3,78,100,16.96,PH,overcast clouds,2021-10-10 23:21:06
346,Portland,45.5234,-122.6762,61.52,62,40,1.01,US,scattered clouds,2021-10-10 23:12:09
347,Tiksi,71.6872,128.8694,28.83,97,100,7.83,RU,light snow,2021-10-10 23:15:35
348,Polyarnyy,69.1989,33.4478,43.27,91,100,1.81,RU,overcast clouds,2021-10-10 23:21:06
349,Alta Floresta,-9.8756,-56.0861,80.22,62,91,0.85,BR,overcast clouds,2021-10-10 23:14:45
350,Bastia,42.6667,9.3333,60.3,67,0,8.01,FR,clear sky,2021-10-10 23:21:07
351,Kumluca,36.3703,30.2869,75.04,43,0,4.21,TR,clear sky,2021-10-10 23:21:07
352,Belmonte,-15.8631,-38.8828,73.9,91,78,7.92,BR,broken clouds,2021-10-10 23:21:07
353,Ferkessedougou,9.6,-5.2,74.08,93,99,3.4,CI,light rain,2021-10-10 23:21:08
354,Ancud,-41.8697,-73.8203,53.42,85,100,7.38,CL,overcast clouds,2021-10-10 23:13:49
355,Memari,23.2,88.1167,84.06,79,14,5.99,IN,few clouds,2021-10-10 23:21:08
356,Tomatlan,19.9333,-105.25,83.66,84,100,3.44,MX,overcast clouds,2021-10-10 23:16:03
357,Enshi,30.3,109.4833,60.4,94,100,2.13,CN,overcast clouds,2021-10-10 23:21:09
358,Erzurum,40.0,41.5,35.28,44,0,1.1,TR,clear sky,2021-10-10 23:21:09
359,Oban,56.4127,-5.4706,50.86,78,99,7.63,GB,overcast clouds,2021-10-10 23:21:09
360,La Rioja,42.25,-2.5,47.48,94,100,3.74,ES,overcast clouds,2021-10-10 23:21:10
361,Tumut,-35.3,148.2167,50.99,81,97,2.66,AU,overcast clouds,2021-10-10 23:21:10
362,Hella,67.2,14.4333,46.89,93,75,3.44,NO,broken clouds,2021-10-10 23:15:41
363,San Cristobal,7.7669,-72.225,68.94,98,91,1.34,VE,overcast clouds,2021-10-10 23:15:19
364,Krasnaya Polyana,56.242,51.1442,45.81,86,100,5.88,RU,overcast clouds,2021-10-10 23:21:10
365,Tres Pontas,-21.3667,-45.5125,62.64,97,100,9.4,BR,heavy intensity rain,2021-10-10 23:21:11
366,Cacheu,12.2706,-16.1658,82.49,87,45,3.94,GW,scattered clouds,2021-10-10 23:21:11
367,Talnakh,69.4865,88.3972,23.49,96,96,6.8,RU,snow,2021-10-10 23:14:59
368,Vao,-22.6667,167.4833,70.29,63,5,13.53,NC,clear sky,2021-10-10 23:14:26
369,Port-Gentil,-0.7193,8.7815,76.96,88,40,5.75,GA,scattered clouds,2021-10-10 23:21:12
370,Hauterive,46.0901,3.4459,45.36,91,1,1.01,FR,clear sky,2021-10-10 23:21:12
371,Vila Velha,-20.3297,-40.2925,67.95,94,90,3.44,BR,moderate rain,2021-10-10 23:15:06
372,Mangrol,21.1167,70.1167,81.91,76,37,2.04,IN,scattered clouds,2021-10-10 23:21:12
373,Bucyrus,40.8084,-82.9755,76.23,71,33,8.68,US,scattered clouds,2021-10-10 23:21:13
374,Cuamba,-14.8031,36.5372,71.76,73,46,9.13,MZ,scattered clouds,2021-10-10 23:14:32
375,Konstantinovskiy,57.8301,39.5899,46.11,81,19,6.35,RU,few clouds,2021-10-10 23:21:13
376,Ilulissat,69.2167,-51.1,30.22,93,75,1.14,GL,broken clouds,2021-10-10 23:14:22
377,Kruisfontein,-34.0033,24.7314,51.73,77,30,6.13,ZA,scattered clouds,2021-10-10 23:14:19
378,Vicuna,-30.0319,-70.7081,70.77,32,1,1.63,CL,clear sky,2021-10-10 23:21:14
379,Namatanai,-3.6667,152.4333,83.71,71,27,3.49,PG,light rain,2021-10-10 23:16:38
380,Asau,46.4333,26.4,39.76,47,45,2.13,RO,light snow,2021-10-10 23:15:34
381,Riosucio,5.4216,-75.7032,61.23,98,97,1.86,CO,overcast clouds,2021-10-10 23:20:04
382,Orlik,52.5178,99.825,27.21,71,51,3.38,RU,broken clouds,2021-10-10 23:21:14
383,Palu,-0.8917,119.8707,77.38,89,100,3.11,ID,overcast clouds,2021-10-10 23:21:14
384,Morgantown,39.6295,-79.9559,72.45,77,40,6.91,US,scattered clouds,2021-10-10 23:19:31
385,Piacabucu,-10.4056,-36.4344,76.15,80,81,10.36,BR,broken clouds,2021-10-10 23:21:15
386,Qandala,11.472,49.8728,84.43,72,49,2.66,SO,scattered clouds,2021-10-10 23:21:15
387,Huayucachi,-12.1333,-75.2333,61.05,58,58,6.67,PE,broken clouds,2021-10-10 23:21:15
388,Goundam,16.4145,-3.6708,90.86,9,4,8.23,ML,clear sky,2021-10-10 23:16:18
389,Adamovka,51.5223,59.9396,39.96,82,97,6.11,RU,overcast clouds,2021-10-10 23:21:16
390,Partapur,23.6,74.1667,77.95,72,7,3.89,IN,clear sky,2021-10-10 23:21:16
391,Carupano,10.6678,-63.2585,79.92,84,99,8.21,VE,overcast clouds,2021-10-10 23:21:16
392,Taylorville,39.5489,-89.2945,82.62,44,1,13.8,US,clear sky,2021-10-10 23:19:07
393,Jinchang,38.4953,102.1739,41.49,50,0,2.3,CN,clear sky,2021-10-10 23:16:22
394,Kabanjahe,3.1001,98.4908,61.56,95,100,4.74,ID,overcast clouds,2021-10-10 23:21:17
395,Grand Gaube,-20.0064,57.6608,72.37,92,99,4.0,MU,heavy intensity rain,2021-10-10 23:21:17
396,Coahuayana,18.7333,-103.6833,92.68,75,98,4.12,MX,overcast clouds,2021-10-10 23:13:45
397,Chiesanuova,43.9045,12.4214,53.56,78,75,5.01,SM,broken clouds,2021-10-10 23:21:18
398,Bathsheba,13.2167,-59.5167,83.01,78,75,18.41,BB,broken clouds,2021-10-10 23:14:42
399,Saint-Francois,46.4154,3.9054,41.68,98,90,0.0,FR,fog,2021-10-10 23:15:36
400,Kurchum,48.5722,83.6542,45.43,59,100,9.26,KZ,light rain,2021-10-10 23:21:18
401,Road Town,18.4167,-64.6167,82.44,78,40,14.97,VG,scattered clouds,2021-10-10 23:13:00
402,Dawlatabad,36.4141,64.9053,45.88,36,0,4.43,AF,clear sky,2021-10-10 23:21:18
403,Sao Joao Da Barra,-21.6403,-41.0511,68.34,90,100,18.79,BR,overcast clouds,2021-10-10 23:16:35
404,Laguna,38.421,-121.4238,83.05,29,1,1.01,US,clear sky,2021-10-10 23:13:53
405,Araouane,18.9048,-3.5265,89.02,10,100,5.75,ML,overcast clouds,2021-10-10 23:21:19
406,Tariba,7.8188,-72.2243,69.49,98,92,1.77,VE,overcast clouds,2021-10-10 23:21:19
407,Launceston,-41.45,147.1667,53.8,57,3,5.01,AU,clear sky,2021-10-10 23:21:20
408,Kulhudhuffushi,6.6221,73.07,82.83,78,98,19.8,MV,overcast clouds,2021-10-10 23:21:20
409,Imbituba,-28.24,-48.6703,67.89,80,95,11.48,BR,overcast clouds,2021-10-10 23:21:20
410,Ulaangom,49.9811,92.0667,31.71,60,77,3.49,MN,broken clouds,2021-10-10 23:21:21
411,Zhigalovo,54.8097,105.1578,32.02,85,52,3.89,RU,broken clouds,2021-10-10 23:21:21
412,Broken Hill,-31.95,141.4333,51.08,57,49,15.99,AU,scattered clouds,2021-10-10 23:15:34
413,Raymondville,26.4815,-97.7831,91.6,55,14,19.95,US,few clouds,2021-10-10 23:21:22
414,Senneterre,48.3835,-77.2328,59.22,96,100,8.21,CA,overcast clouds,2021-10-10 23:21:22
415,Katesh,-4.5167,35.3833,59.2,77,100,7.9,TZ,overcast clouds,2021-10-10 23:21:22
416,Belyy Yar,53.6039,91.3903,42.69,65,40,6.71,RU,light intensity shower rain,2021-10-10 23:21:22
417,Batagay,67.6333,134.6333,30.69,79,100,5.82,RU,overcast clouds,2021-10-10 23:12:27
418,Tuntum,-5.2581,-44.6489,80.46,66,82,3.78,BR,broken clouds,2021-10-10 23:21:23
419,Karachi,24.9056,67.0822,78.62,83,40,5.75,PK,smoke,2021-10-10 23:21:10
420,Coquimbo,-29.9533,-71.3436,58.73,72,0,9.22,CL,clear sky,2021-10-10 23:14:40
421,Chiredzi,-21.05,31.6667,62.91,70,100,9.75,ZW,overcast clouds,2021-10-10 23:21:23
422,Port Blair,11.6667,92.75,80.76,84,100,16.84,IN,overcast clouds,2021-10-10 23:10:53
423,Cam Ranh,11.9214,109.1591,76.96,94,40,0.0,VN,scattered clouds,2021-10-10 23:21:24
424,Kirakira,-10.4544,161.9205,81.45,77,91,3.65,SB,light rain,2021-10-10 23:21:24
425,Santander,43.4647,-3.8044,59.47,89,75,3.0,ES,broken clouds,2021-10-10 23:21:24
426,Tuensang,26.2833,94.8333,67.53,99,8,2.04,IN,clear sky,2021-10-10 23:21:25
427,Santa Catalina,9.3337,122.8637,80.26,89,100,14.63,PH,light rain,2021-10-10 23:21:25
428,Zhanakorgan,43.9098,67.2495,45.09,44,7,6.04,KZ,clear sky,2021-10-10 23:21:25
429,Hami,42.8,93.45,46.38,26,3,6.64,CN,clear sky,2021-10-10 23:21:26
430,Haimen,23.1935,116.6142,80.49,78,88,9.55,CN,light rain,2021-10-10 23:21:26
431,North Bend,43.4065,-124.2243,60.24,83,75,9.22,US,broken clouds,2021-10-10 23:15:38
432,Cedar Falls,42.5278,-92.4455,70.18,68,99,1.99,US,overcast clouds,2021-10-10 23:21:26
433,Lagoa,39.05,-27.9833,70.41,88,100,21.47,PT,overcast clouds,2021-10-10 23:14:11
434,Coruripe,-10.1256,-36.1756,76.1,79,97,11.27,BR,overcast clouds,2021-10-10 23:14:44
435,Oriximina,-1.7656,-55.8661,84.97,54,78,3.6,BR,broken clouds,2021-10-10 23:21:27
436,Touros,-5.1989,-35.4608,81.5,76,29,14.45,BR,scattered clouds,2021-10-10 23:13:52
437,Kaduy,59.2,37.15,41.14,83,30,6.49,RU,scattered clouds,2021-10-10 23:21:27
438,Malanje,-9.5402,16.341,71.2,63,69,6.55,AO,broken clouds,2021-10-10 23:21:27
439,Sabang,5.8933,95.3214,82.24,78,66,23.15,ID,broken clouds,2021-10-10 23:21:28
440,Alenquer,-1.9417,-54.7383,84.54,51,86,1.12,BR,overcast clouds,2021-10-10 23:21:28
441,Padang,-0.9492,100.3543,75.38,92,100,1.19,ID,light rain,2021-10-10 23:21:28
442,Akyab,20.15,92.9,80.22,88,100,4.18,MM,overcast clouds,2021-10-10 23:21:29
443,Rio Grande,-32.035,-52.0986,63.95,79,92,20.31,BR,overcast clouds,2021-10-10 23:21:29
444,Henties Bay,-22.116,14.2845,58.86,74,0,5.61,NA,clear sky,2021-10-10 23:21:29
445,Abbeville,50.1,1.8333,56.5,92,87,7.31,FR,overcast clouds,2021-10-10 23:21:29
446,Paita,-5.0892,-81.1144,65.55,86,32,16.89,PE,scattered clouds,2021-10-10 23:21:30
447,Bilma,18.6853,12.9164,83.48,10,31,7.05,NE,scattered clouds,2021-10-10 23:16:48
448,Sioux Lookout,50.1001,-91.917,61.18,94,90,6.91,CA,overcast clouds,2021-10-10 23:15:57
449,Killybegs,54.6333,-8.45,44.46,83,100,6.73,IE,overcast clouds,2021-10-10 23:21:30
450,Teeli,51.0333,90.2333,32.41,60,100,1.41,RU,overcast clouds,2021-10-10 23:21:31
451,Nalut,30.3333,10.85,67.71,61,0,18.41,LY,clear sky,2021-10-10 23:21:31
452,Sopur,34.3,74.4667,55.63,64,97,3.94,IN,overcast clouds,2021-10-10 23:21:31
453,Bashtanka,47.4072,32.4387,44.64,52,0,8.08,UA,clear sky,2021-10-10 23:21:32
454,Margate,51.3813,1.3862,54.7,86,65,10.0,GB,broken clouds,2021-10-10 23:16:33
455,Zomba,-15.386,35.3188,66.94,73,7,4.81,MW,clear sky,2021-10-10 23:21:32
456,Blacksburg,37.2296,-80.4139,67.05,93,40,0.0,US,scattered clouds,2021-10-10 23:21:24
457,Puqi,29.7167,113.8833,57.72,74,100,10.76,CN,overcast clouds,2021-10-10 23:21:32
458,Verkhnevilyuysk,63.4453,120.3167,31.35,88,99,12.26,RU,overcast clouds,2021-10-10 23:21:33
459,Ripky,51.801,31.0838,39.63,63,90,5.03,UA,overcast clouds,2021-10-10 23:21:33
460,Goba,7.0167,39.9833,50.9,91,100,2.42,ET,overcast clouds,2021-10-10 23:21:34
461,Chenghai,23.4632,116.768,80.51,74,0,8.95,CN,clear sky,2021-10-10 23:21:34
462,Phalodi,27.1333,72.3667,84.15,49,0,14.09,IN,clear sky,2021-10-10 23:21:34
463,Vestmannaeyjar,63.4427,-20.2734,42.85,71,44,13.2,IS,scattered clouds,2021-10-10 23:21:34
464,Sahuaripa,29.05,-109.2333,91.26,11,2,10.63,MX,clear sky,2021-10-10 23:16:25
465,Camana,-16.6228,-72.7111,63.07,88,77,7.74,PE,broken clouds,2021-10-10 23:21:35
466,Mussomeli,37.5778,13.7513,56.19,76,0,5.35,IT,clear sky,2021-10-10 23:21:35
467,Chachapoyas,-6.2317,-77.869,57.29,94,58,3.96,PE,light rain,2021-10-10 23:21:35
468,Komsomolskiy,40.4272,71.7189,44.02,69,15,1.3,UZ,few clouds,2021-10-10 23:14:46
469,Fort Nelson,58.8053,-122.7002,38.07,83,100,5.59,CA,light rain,2021-10-10 23:14:40
470,Nan,18.8333,100.6667,73.42,100,75,0.0,TH,moderate rain,2021-10-10 23:21:36
471,Conceicao Do Araguaia,-8.2578,-49.2647,86.81,44,100,3.74,BR,overcast clouds,2021-10-10 23:21:36
472,Kutum,14.2,24.6667,83.77,19,87,12.39,SD,overcast clouds,2021-10-10 23:14:11
473,Asilah,35.465,-6.0348,71.56,78,89,15.03,MA,overcast clouds,2021-10-10 23:21:36
474,Orchard Homes,46.8633,-114.0484,53.74,37,90,31.07,US,overcast clouds,2021-10-10 23:21:37
475,Manokwari,-0.8667,134.0833,81.97,70,97,2.48,ID,overcast clouds,2021-10-10 23:13:52
476,Moyo,3.6609,31.7247,65.73,95,81,3.47,UG,light rain,2021-10-10 23:21:37
477,Neiafu,-18.65,-173.9833,75.88,94,90,2.3,TO,overcast clouds,2021-10-10 23:21:38
478,Nouadhibou,20.931,-17.0347,67.98,88,0,12.66,MR,clear sky,2021-10-10 23:21:38
479,Estevan,49.1334,-102.9842,68.2,24,1,13.8,CA,clear sky,2021-10-10 23:21:38
480,Quthing,-30.4,27.7003,54.37,32,0,3.33,LS,clear sky,2021-10-10 23:21:38
481,Pauini,-7.7136,-66.9764,89.87,41,80,3.4,BR,broken clouds,2021-10-10 23:21:39
482,Cascais,38.6979,-9.4215,70.97,58,0,3.0,PT,clear sky,2021-10-10 23:21:39
483,Asfi,32.2994,-9.2372,68.23,92,81,6.89,MA,broken clouds,2021-10-10 23:17:01
484,Tiarei,-17.5333,-149.3333,86.02,75,56,9.71,PF,broken clouds,2021-10-10 23:21:39
485,Independence,39.0911,-94.4155,77.67,65,90,3.0,US,overcast clouds,2021-10-10 23:17:23
486,Jacareacanga,-6.2222,-57.7528,81.84,63,87,1.66,BR,overcast clouds,2021-10-10 23:14:34
487,Hobyo,5.3505,48.5268,78.37,89,44,17.36,SO,scattered clouds,2021-10-10 23:12:57
488,Safakulevo,54.9901,62.5442,30.78,57,73,3.2,RU,broken clouds,2021-10-10 23:21:40
489,Pendleton,45.6721,-118.7886,61.92,39,75,11.01,US,broken clouds,2021-10-10 23:21:40
490,Tadine,-21.55,167.8833,75.16,56,50,11.81,NC,scattered clouds,2021-10-10 23:21:41
491,Otradnyy,53.376,51.3452,46.24,62,99,3.94,RU,overcast clouds,2021-10-10 23:21:41
492,Kishi,9.0833,3.85,74.17,89,93,5.23,NG,overcast clouds,2021-10-10 23:21:41
493,Pinellas Park,27.8428,-82.6995,83.05,68,1,1.99,US,clear sky,2021-10-10 23:21:42
494,La Palma,33.8464,-118.0467,88.5,51,1,5.99,US,clear sky,2021-10-10 23:16:44
495,Poopo,-18.3667,-66.9667,59.77,25,1,4.7,BO,clear sky,2021-10-10 23:21:42
496,London,51.5085,-0.1257,53.35,83,55,2.3,GB,broken clouds,2021-10-10 23:17:15
497,Judenburg,47.1667,14.6667,41.34,87,96,4.32,AT,overcast clouds,2021-10-10 23:21:42
498,Vrangel,42.7297,133.0839,52.77,62,57,13.56,RU,broken clouds,2021-10-10 23:21:43
499,Cotoca,-17.8167,-63.05,87.66,62,40,9.22,BO,scattered clouds,2021-10-10 23:21:43
500,Bonavista,48.6499,-53.1147,43.12,77,57,26.26,CA,broken clouds,2021-10-10 23:12:28
501,Huixtla,15.15,-92.4667,85.68,89,94,3.8,MX,overcast clouds,2021-10-10 23:21:43
502,Wadi Maliz,36.4681,8.5495,64.85,67,24,5.68,TN,few clouds,2021-10-10 23:21:44
503,Hasaki,35.7333,140.8333,72.28,68,40,13.27,JP,scattered clouds,2021-10-10 23:15:01
504,Abu Samrah,35.3029,37.1841,70.54,33,37,4.29,SY,scattered clouds,2021-10-10 23:21:44
505,Huimilpan,20.372,-100.2774,76.1,56,49,1.72,MX,scattered clouds,2021-10-10 23:21:44
506,Qax,41.4225,46.9242,49.19,69,13,3.67,AZ,few clouds,2021-10-10 23:21:45
507,Zella-Mehlis,50.65,10.65,35.11,71,24,3.11,DE,few clouds,2021-10-10 23:21:45
508,Dalbandin,28.8947,64.4101,60.08,18,0,3.53,PK,clear sky,2021-10-10 23:20:45
509,Angoche,-16.2325,39.9086,75.06,88,7,2.59,MZ,clear sky,2021-10-10 23:21:45
510,Wajid,3.8093,43.2471,73.99,79,27,17.6,SO,scattered clouds,2021-10-10 23:21:46
511,Garowe,8.4054,48.4845,78.01,72,93,13.4,SO,light rain,2021-10-10 23:21:46
512,Prince Rupert,54.3161,-130.3201,47.89,91,90,6.91,CA,moderate rain,2021-10-10 23:21:01
513,Saint Anthony,45.0205,-93.218,65.25,66,90,5.01,US,overcast clouds,2021-10-10 23:21:46
514,Bijapur,16.8333,75.7,74.53,82,93,5.06,IN,overcast clouds,2021-10-10 23:21:47
515,Makinsk,52.6292,70.4169,26.85,80,85,7.16,KZ,overcast clouds,2021-10-10 23:21:47
516,Grand Island,40.925,-98.342,67.95,36,1,5.75,US,clear sky,2021-10-10 23:17:24
517,Ordzhonikidze,52.4411,61.7408,40.98,87,100,2.66,KZ,overcast clouds,2021-10-10 23:21:47
518,Ranong,9.9658,98.6348,76.93,88,99,15.5,TH,moderate rain,2021-10-10 23:21:48
519,Eyl,7.9803,49.8164,78.75,84,65,15.39,SO,broken clouds,2021-10-10 23:15:43
520,Tilichiki,60.4667,166.1,29.7,65,55,3.6,RU,broken clouds,2021-10-10 23:21:48
521,Pilar,-9.5972,-35.9567,75.13,85,100,6.35,BR,overcast clouds,2021-10-10 23:21:48
522,Burns Lake,54.2331,-125.7533,44.02,45,100,10.49,CA,overcast clouds,2021-10-10 23:21:49
523,Karratha,-20.7377,116.8463,75.52,32,6,13.35,AU,clear sky,2021-10-10 23:21:49
524,Port Lincoln,-34.7333,135.8667,54.77,53,5,12.73,AU,clear sky,2021-10-10 23:14:37
525,Porto Novo,6.4965,2.6036,78.17,85,91,5.21,BJ,light rain,2021-10-10 23:10:59
526,Hun,29.1268,15.9477,72.79,47,0,13.42,LY,clear sky,2021-10-10 23:21:49
527,Vanimo,-2.6741,141.3028,80.38,88,99,3.65,PG,overcast clouds,2021-10-10 23:15:14
528,Sinnamary,5.3833,-52.95,79.9,86,94,11.23,GF,overcast clouds,2021-10-10 23:21:50
529,Grand-Santi,4.25,-54.3833,80.62,69,100,2.82,GF,overcast clouds,2021-10-10 23:14:02
530,Poum,-20.2333,164.0167,74.95,65,12,20.11,NC,few clouds,2021-10-10 23:14:40
531,Lorengau,-2.0226,147.2712,84.43,68,83,2.93,PG,broken clouds,2021-10-10 23:15:43
532,Polis,35.0367,32.4264,67.82,66,32,2.39,CY,scattered clouds,2021-10-10 23:21:51
533,Jumla,29.2747,82.1838,49.69,74,0,5.12,NP,clear sky,2021-10-10 23:16:23
534,Miraflores,19.2167,-98.8083,76.03,66,68,4.29,MX,broken clouds,2021-10-10 23:21:51
535,Narok,-1.0783,35.8601,59.14,83,38,6.67,KE,scattered clouds,2021-10-10 23:21:51
536,Roald,62.5833,6.1333,51.17,87,90,9.22,NO,light rain,2021-10-10 23:14:29
537,Benemerito De Las Americas,16.5167,-90.6439,84.81,70,46,3.44,MX,scattered clouds,2021-10-10 23:21:17
538,Monrovia,6.3005,-10.7969,76.77,84,96,6.78,LR,light rain,2021-10-10 23:21:42
539,Chabahar,25.2919,60.643,82.18,61,0,5.28,IR,clear sky,2021-10-10 23:21:52
540,Ambagarh Chauki,20.7833,80.7167,69.03,77,14,1.54,IN,few clouds,2021-10-10 23:21:52
541,Camacha,33.0833,-16.3333,68.76,73,20,10.36,PT,few clouds,2021-10-10 23:21:53
542,Marsa Matruh,31.3525,27.2453,73.33,74,0,8.23,EG,clear sky,2021-10-10 23:16:31
543,Nhulunbuy,-12.2333,136.7667,84.81,65,75,9.22,AU,broken clouds,2021-10-10 23:21:53
544,Olafsvik,64.8945,-23.7142,40.26,60,18,1.14,IS,few clouds,2021-10-10 23:21:53
545,Saquena,-4.6667,-73.5167,79.97,78,35,2.24,PE,scattered clouds,2021-10-10 23:21:53
546,Kara-Tyube,44.6336,45.4369,50.9,78,42,10.94,RU,scattered clouds,2021-10-10 23:21:54
547,San Quintin,30.4833,-115.95,72.05,59,0,13.02,MX,clear sky,2021-10-10 23:16:58
548,Snasa,64.2457,12.3778,44.06,91,92,4.05,NO,overcast clouds,2021-10-10 23:21:54
549,Izazi,-7.2,35.7333,73.98,47,95,4.85,TZ,overcast clouds,2021-10-10 23:21:54
550,Yeppoon,-23.1333,150.7333,76.78,52,4,5.75,AU,clear sky,2021-10-10 23:21:55
551,Yakeshi,49.2833,120.7333,34.43,81,0,6.69,CN,clear sky,2021-10-10 23:21:55
552,Sibu,2.3,111.8167,75.51,94,40,3.44,MY,scattered clouds,2021-10-10 23:21:56
553,Shahada,21.55,74.4667,79.56,75,34,3.4,IN,scattered clouds,2021-10-10 23:21:56
554,Uvat,59.1433,68.8953,26.29,70,1,2.71,RU,clear sky,2021-10-10 23:21:56
555,San Jeronimo,-11.9472,-75.2829,58.53,62,70,7.67,PE,broken clouds,2021-10-10 23:15:55
556,Hamilton,39.1834,-84.5333,79.57,69,40,1.99,US,scattered clouds,2021-10-10 23:12:49
557,Yumen,40.2833,97.2,36.12,29,13,11.45,CN,few clouds,2021-10-10 23:14:08
558,Matara,5.9485,80.5353,77.97,88,86,12.53,LK,overcast clouds,2021-10-10 23:21:57
559,Anzhero-Sudzhensk,56.081,86.0285,28.06,84,100,7.29,RU,overcast clouds,2021-10-10 23:21:57
560,Catumbela,-12.4314,13.5472,73.17,87,70,3.29,AO,broken clouds,2021-10-10 23:21:57
561,La Asuncion,11.0333,-63.8628,81.5,80,86,10.98,VE,overcast clouds,2021-10-10 23:21:58
562,Pozo Colorado,-23.4923,-58.7972,73.04,88,98,3.56,PY,overcast clouds,2021-10-10 23:14:37
563,South Yarmouth,41.6668,-70.1847,63.05,91,75,5.99,US,broken clouds,2021-10-10 23:21:58
564,Virginia Beach,36.8529,-75.978,74.05,90,90,17.27,US,overcast clouds,2021-10-10 23:19:10
565,Hibbing,47.4272,-92.9377,60.3,94,90,8.05,US,mist,2021-10-10 23:19:48
566,Putina,-15.4667,-69.4333,52.45,68,17,13.11,PE,few clouds,2021-10-10 23:21:59
567,Elk Plain,47.0532,-122.3976,56.25,59,1,1.01,US,clear sky,2021-10-10 23:21:59
568,Kaspiyskiy,45.3929,47.3707,52.11,61,30,9.33,RU,scattered clouds,2021-10-10 23:21:59
569,Sauda,59.6506,6.3542,52.68,96,100,6.78,NO,overcast clouds,2021-10-10 23:22:00
570,Bardiyah,31.7561,25.0865,73.83,74,0,10.2,LY,clear sky,2021-10-10 23:22:00
571,Vannes,47.8333,-2.5,57.27,95,2,7.83,FR,clear sky,2021-10-10 23:22:00
572,Brokopondo,4.75,-55.1667,83.52,71,87,9.1,SR,overcast clouds,2021-10-10 23:22:00
573,La Ronge,55.1001,-105.2842,50.25,66,75,2.3,CA,broken clouds,2021-10-10 23:15:40
574,Kisesa,-3.0833,34.15,73.53,50,72,5.41,TZ,broken clouds,2021-10-10 23:22:01
575,Teguise,29.0605,-13.564,70.02,68,75,9.22,ES,broken clouds,2021-10-10 23:16:44
576,Magadi,12.9667,77.2333,70.14,96,72,4.34,IN,broken clouds,2021-10-10 23:22:01
577,Constantine,36.365,6.6147,53.01,82,40,3.44,DZ,scattered clouds,2021-10-10 23:22:02
578,Benghazi,32.1167,20.0667,78.48,57,13,8.46,LY,few clouds,2021-10-10 23:21:31
579,Chumikan,54.7183,135.315,38.48,91,100,10.74,RU,overcast clouds,2021-10-10 23:15:02
580,Yima,34.7381,111.8839,49.06,76,100,2.75,CN,light rain,2021-10-10 23:22:03
581,Hobbs,32.7026,-103.136,73.02,41,1,11.01,US,clear sky,2021-10-10 23:22:03
582,Bikin,46.8161,134.26,45.55,66,74,13.22,RU,broken clouds,2021-10-10 23:22:03
583,Sampit,-2.5333,112.95,76.26,97,100,1.86,ID,overcast clouds,2021-10-10 23:22:04
584,San Lorenzo,-25.3333,-57.5333,76.59,78,40,3.0,PY,scattered clouds,2021-10-10 23:22:04
585,Khorramshahr,30.4397,48.1664,69.76,32,0,6.91,IR,clear sky,2021-10-10 23:16:19
586,Mackay,-21.15,149.2,81.68,57,26,5.61,AU,scattered clouds,2021-10-10 23:15:08
587,Lashio,22.9333,97.75,65.68,98,94,1.57,MM,overcast clouds,2021-10-10 23:22:04
588,Prado,-17.3411,-39.2208,73.62,88,91,6.85,BR,overcast clouds,2021-10-10 23:22:05
589,Tulun,54.5611,100.5792,35.2,75,70,2.59,RU,broken clouds,2021-10-10 23:22:05
590,Jalu,29.0331,21.5482,76.23,30,0,7.7,LY,clear sky,2021-10-10 23:14:27
591,Sorland,67.667,12.6934,44.67,81,97,11.12,NO,overcast clouds,2021-10-10 23:14:16
592,Praia Da Vitoria,38.7333,-27.0667,72.75,95,100,12.39,PT,overcast clouds,2021-10-10 23:15:19
593,Odienne,9.51,-7.5692,72.63,95,100,4.76,CI,moderate rain,2021-10-10 23:22:06
594,Kysyl-Syr,63.8986,122.7617,31.87,94,97,9.73,RU,overcast clouds,2021-10-10 23:22:06
595,Roma,43.2128,-75.4557,67.89,77,90,10.36,US,overcast clouds,2021-10-10 23:16:13
596,Banepa,27.6298,85.5214,64.72,100,20,0.0,NP,few clouds,2021-10-10 23:22:06
597,Puerto Ayacucho,5.6639,-67.6236,77.25,88,99,5.79,VE,overcast clouds,2021-10-10 23:22:07
598,Cay,38.5917,31.0286,58.77,52,0,2.95,TR,clear sky,2021-10-10 23:22:07
599,Mareeba,-17.0,145.4333,81.48,69,16,2.53,AU,few clouds,2021-10-10 23:22:07
600,Coromandel,-18.4733,-47.2003,67.51,86,100,3.44,BR,overcast clouds,2021-10-10 23:22:08
601,Nauta,-4.5061,-73.5757,82.4,73,56,2.17,PE,broken clouds,2021-10-10 23:22:08
602,Ola,59.5833,151.2833,31.96,53,0,12.17,RU,clear sky,2021-10-10 23:16:12
603,Morondava,-20.2833,44.2833,75.65,73,12,10.33,MG,few clouds,2021-10-10 23:22:08
604,Turinsk,58.0458,63.696,26.64,68,16,3.44,RU,few clouds,2021-10-10 23:22:09
605,Walvis Bay,-22.9575,14.5053,59.09,77,0,4.61,NA,clear sky,2021-10-10 23:22:09
606,Hambantota,6.1241,81.1185,79.54,82,97,18.95,LK,overcast clouds,2021-10-10 23:14:53
607,Nanga Eboko,4.6833,12.3667,67.62,100,99,1.72,CM,overcast clouds,2021-10-10 23:22:09
608,Umm Lajj,25.0213,37.2685,87.76,46,0,6.11,SA,clear sky,2021-10-10 23:22:10
609,Caibarien,22.5206,-79.4669,69.12,75,83,6.78,CU,light rain,2021-10-10 23:22:10
610,Danshui,22.7984,114.4672,82.02,86,83,12.71,CN,broken clouds,2021-10-10 23:22:10
611,Manacapuru,-3.2997,-60.6206,86.58,68,98,3.67,BR,moderate rain,2021-10-10 23:22:11
612,Lagunas,-5.2269,-75.6753,82.53,67,35,3.18,PE,scattered clouds,2021-10-10 23:22:11
613,Xam Nua,20.4197,104.0439,66.7,100,100,1.03,LA,overcast clouds,2021-10-10 23:22:11
614,Udachnyy,66.4167,112.4,21.47,92,100,18.92,RU,light snow,2021-10-10 23:22:11
615,Renqiu,38.6989,116.0936,49.84,65,96,4.38,CN,overcast clouds,2021-10-10 23:22:12
616,Geilo,60.5333,8.2076,40.39,84,62,7.05,NO,broken clouds,2021-10-10 23:22:12
617,Mao,39.8885,4.2658,59.56,88,0,5.75,ES,clear sky,2021-10-10 23:15:31
618,Hovd,48.0056,91.6419,33.62,34,47,1.34,MN,scattered clouds,2021-10-10 23:22:12
619,Kashi,39.4547,75.9797,40.21,75,40,2.24,CN,scattered clouds,2021-10-10 23:22:13
620,Tabuk,17.4189,121.4443,72.95,98,100,3.56,PH,heavy intensity rain,2021-10-10 23:22:13
621,Lloydminster,53.2835,-110.0016,52.02,58,75,12.66,CA,broken clouds,2021-10-10 23:22:13
622,Rogovatoye,51.23,38.3818,42.37,59,84,6.15,RU,broken clouds,2021-10-10 23:22:14
623,Itacare,-14.2775,-38.9967,78.69,84,11,5.01,BR,few clouds,2021-10-10 23:22:14
624,Westminster,39.8367,-105.0372,69.55,28,40,3.0,US,scattered clouds,2021-10-10 23:22:14
625,Warri,5.5167,5.75,75.33,94,91,3.2,NG,overcast clouds,2021-10-10 23:22:15
626,Lixourion,38.2019,20.4314,68.59,81,100,13.78,GR,light rain,2021-10-10 23:22:15
627,New Glasgow,45.5834,-62.6486,53.78,72,98,6.76,CA,overcast clouds,2021-10-10 23:22:15
628,Whyalla,-33.0333,137.5833,55.29,50,2,14.97,AU,clear sky,2021-10-10 23:22:16
629,Trinidad,-14.8333,-64.9,91.38,58,88,5.75,BO,overcast clouds,2021-10-10 23:22:16
630,Ostroh,50.3294,26.5143,37.56,55,8,6.15,UA,clear sky,2021-10-10 23:22:16
631,Altamira,-3.2033,-52.2064,79.68,68,82,3.02,BR,broken clouds,2021-10-10 23:18:42
632,El Alto,-4.2714,-81.2147,64.83,84,31,16.98,PE,scattered clouds,2021-10-10 23:22:17
633,Punta Cardon,11.6581,-70.215,83.68,74,98,17.22,VE,overcast clouds,2021-10-10 23:22:17
634,Ryotsu,38.0833,138.4333,75.16,78,33,12.95,JP,scattered clouds,2021-10-10 23:22:17
635,Balkhash,46.844,74.9804,47.48,56,95,18.92,KZ,overcast clouds,2021-10-10 23:22:18
636,Alihe,50.5667,123.7167,36.75,79,1,4.7,CN,clear sky,2021-10-10 23:22:18
637,Saint Albans,51.75,-0.3333,51.4,87,40,9.22,GB,scattered clouds,2021-10-10 23:22:18
638,Berlevag,70.8578,29.0864,44.08,89,100,8.14,NO,overcast clouds,2021-10-10 23:12:24
639,Jaque,7.5175,-78.1703,78.31,89,99,4.72,PA,light rain,2021-10-10 23:22:18
640,Nishihara,26.1842,127.7558,83.48,87,90,17.27,JP,overcast clouds,2021-10-10 23:15:24
641,Mayo,38.8876,-76.5119,70.56,88,90,11.99,US,overcast clouds,2021-10-10 23:22:19
642,Shache,38.4167,77.2406,47.75,42,92,2.46,CN,overcast clouds,2021-10-10 23:22:19
643,Williston,48.147,-103.618,68.04,32,0,8.01,US,clear sky,2021-10-10 23:22:19
644,Kupang,-10.1667,123.5833,79.79,72,86,4.0,ID,overcast clouds,2021-10-10 23:14:53
645,Mnogovershinnyy,53.9353,139.9242,38.28,96,100,19.66,RU,light rain,2021-10-10 23:22:20
646,Kjollefjord,70.9457,27.3465,44.37,89,100,7.74,NO,overcast clouds,2021-10-10 23:10:43
647,Mount Isa,-20.7333,139.5,67.77,100,90,8.05,AU,moderate rain,2021-10-10 23:14:01
648,Batemans Bay,-35.7167,150.1833,59.2,60,100,7.58,AU,overcast clouds,2021-10-10 23:22:20
649,Mackenzie,55.2999,-123.1698,46.62,46,40,13.8,CA,scattered clouds,2021-10-10 23:22:20
650,Pangai,-19.8,-174.35,77.11,78,90,0.0,TO,overcast clouds,2021-10-10 23:22:21
651,Escanaba,45.7453,-87.0646,71.67,95,20,12.66,US,few clouds,2021-10-10 23:22:21
652,Matadi,-5.8167,13.45,78.4,72,100,6.17,CD,overcast clouds,2021-10-10 23:22:21
653,Darovskoy,58.77,47.9564,44.06,95,92,6.42,RU,overcast clouds,2021-10-10 23:22:22
654,Kiruna,67.8557,20.2251,41.92,93,90,3.44,SE,light rain,2021-10-10 23:16:51
655,Show Low,34.2542,-110.0298,61.72,30,1,8.05,US,clear sky,2021-10-10 23:22:22
656,Tocopilla,-22.092,-70.1979,66.7,63,21,10.07,CL,few clouds,2021-10-10 23:22:23
657,Finnsnes,69.2296,17.9811,46.76,91,100,3.85,NO,overcast clouds,2021-10-10 23:22:23
658,Husavik,66.0449,-17.3389,34.47,97,100,2.44,IS,light rain,2021-10-10 23:14:38
659,Obo,5.3998,26.4869,70.23,96,100,1.45,CF,overcast clouds,2021-10-10 23:22:23
660,Mahajanga,-15.7167,46.3167,71.62,83,0,3.44,MG,clear sky,2021-10-10 23:22:24
661,Oktyabrskiy,54.4815,53.471,39.92,86,99,3.4,RU,overcast clouds,2021-10-10 23:22:24
662,Sapozhok,53.9419,40.6806,40.53,67,4,3.96,RU,clear sky,2021-10-10 23:22:25
663,Chapais,49.7834,-74.8492,56.98,95,100,7.92,CA,overcast clouds,2021-10-10 23:13:05
664,Beloha,-25.1667,45.05,67.75,84,43,12.15,MG,light rain,2021-10-10 23:16:16
665,Eenhana,-17.4667,16.3333,73.15,12,0,10.78,NA,clear sky,2021-10-10 23:21:20
666,Remedios,22.4947,-79.5458,68.92,81,85,8.05,CU,moderate rain,2021-10-10 23:22:25
667,Santa Maria,-29.6842,-53.8069,70.9,78,40,11.5,BR,scattered clouds,2021-10-10 23:22:25
668,Minggang,32.4586,114.0486,55.54,66,100,14.41,CN,overcast clouds,2021-10-10 23:22:26
669,Bemidji,47.4736,-94.8803,58.24,100,90,8.05,US,overcast clouds,2021-10-10 23:22:26
670,Mangan,27.5167,88.5333,70.32,74,13,5.35,IN,few clouds,2021-10-10 23:19:15
671,Nenjiang,49.1833,125.2167,40.95,73,0,10.42,CN,clear sky,2021-10-10 23:22:26
672,Port Hedland,-20.3167,118.5667,78.85,18,33,17.27,AU,scattered clouds,2021-10-10 23:16:56
673,Lesogorsk,56.0458,99.5136,39.11,88,100,8.43,RU,overcast clouds,2021-10-10 23:22:27
674,Nisia Floresta,-6.0911,-35.2086,81.41,79,34,9.28,BR,scattered clouds,2021-10-10 23:22:27
675,Ovalle,-30.5983,-71.2003,64.27,39,0,4.09,CL,clear sky,2021-10-10 23:19:12
676,Marzuq,14.4,46.4667,77.29,61,38,2.04,YE,scattered clouds,2021-10-10 23:16:08
677,Toora-Khem,52.4675,96.11,27.39,71,49,0.83,RU,scattered clouds,2021-10-10 23:22:27
678,Iki-Burul,45.8208,44.6472,37.74,76,9,9.06,RU,clear sky,2021-10-10 23:22:28
679,Inongo,-1.95,18.2667,70.52,97,100,3.89,CD,moderate rain,2021-10-10 23:22:28
680,Buchanan,5.8808,-10.0467,76.96,88,100,5.68,LR,light rain,2021-10-10 23:16:34
681,Mulki,13.1,74.8,76.28,94,75,0.0,IN,mist,2021-10-10 23:22:28
682,Delta Del Tigre,-34.7633,-56.3853,62.71,80,100,12.33,UY,overcast clouds,2021-10-10 23:22:29
683,Xining,36.6167,101.7667,38.93,76,3,2.57,CN,clear sky,2021-10-10 23:22:29
684,Tigzirt,36.8886,4.1198,65.53,72,1,7.43,DZ,clear sky,2021-10-10 23:22:29
685,Shelburne,44.0787,-80.2041,63.52,87,97,8.79,CA,overcast clouds,2021-10-10 23:20:38
686,Morristown,36.214,-83.2949,72.97,71,1,0.0,US,clear sky,2021-10-10 23:22:30
687,Tuy Hoa,13.0833,109.3,76.87,91,100,6.73,VN,overcast clouds,2021-10-10 23:14:20
688,Ankazobe,-18.3167,47.1167,55.81,62,85,2.64,MG,overcast clouds,2021-10-10 23:22:30
689,Plouzane,48.3833,-4.6167,57.25,94,75,5.75,FR,mist,2021-10-10 23:22:30
690,Anjiang,27.3194,110.1031,55.13,91,100,6.02,CN,overcast clouds,2021-10-10 23:22:31
691,Mandiana,10.6333,-8.6833,77.97,77,100,3.15,GN,light rain,2021-10-10 23:22:31
